{"cameraMode":{"drawMode":0,"name":"Shaded","section":"Shading Mode"},"sceneLighting":true,"audioPlay":false,"sceneViewState":{"m_AlwaysRefresh":true,"showFog":true,"showSkybox":true,"showFlares":true,"showImageEffects":true,"showParticleSystems":true,"showVisualEffectGraphs":true,"m_FxEnabled":true},"in2DMode":false,"pivot":{"x":-0.02059173583984375,"y":285.64349365234377,"z":0.1285400390625},"rotation":{"x":0.005995011888444424,"y":-0.040488287806510928,"z":0.0002429641899652779,"w":0.9991630911827087},"size":170.92864990234376,"orthographic":false}