{"cameraMode":{"drawMode":0,"name":"Shaded","section":"Shading Mode"},"sceneLighting":false,"audioPlay":false,"sceneViewState":{"m_AlwaysRefresh":false,"showFog":true,"showSkybox":false,"showFlares":true,"showImageEffects":true,"showParticleSystems":true,"showVisualEffectGraphs":true,"m_FxEnabled":true},"in2DMode":false,"pivot":{"x":0.07486270368099213,"y":-0.11264288425445557,"z":-0.2976263761520386},"rotation":{"x":-0.02322784624993801,"y":0.970718502998352,"z":-0.21484020352363587,"w":-0.10495224595069885},"size":2.5746612548828127,"orthographic":false}